mode,komoditas,window,units,epochs,batch_size,test_MAE,test_RMSE,test_MAPE,forecast_MAPE_Okt2025
univariate,Daging Sapi,30,32,150,32,127.27155448718344,356.8109270015487,0.1048129185714359,0.1241859153269981
univariate,Minyak Goreng,14,64,150,32,19.951444942239338,70.16429372607764,0.1464133083480904,0.0201998197115229
univariate,Beras,7,64,150,32,19.631177429759173,60.4312226427608,0.1493938171953152,0.6711248088932336
multivariate,Gula Pasir,7,64,150,32,37.97075240108991,56.34941995816024,0.2584100357045206,1.838006460156587
univariate,Daging Ayam,30,64,150,32,127.71962139423096,397.1089561990418,0.4008160592402935,1.2861197740697112
univariate,Telur Ayam,14,64,150,32,108.2542672541466,339.4352204566546,0.4477796198166558,2.348120845797121
univariate,Bawang Merah,14,64,150,32,306.6158267920618,1172.9308087897523,1.150714178711629,2.764065006992337
univariate,Cabai Merah,30,32,150,32,353.9783954326923,1430.0043164116028,1.3482202178968965,0.9220219989814752
univariate,Cabai Rawit,30,64,150,32,774.4646133814105,2376.27888598885,2.562763036679005,14.230698923883242
